feature,weight,feat_desc,result_desc,fpk1,fpk2,odds_ratio,sum1,sum2,sig,top1,top2,egs1,egs2,feat_type,feat_name
deprel_mark,0.38309394494541815,Marker,Markers are 1.5x more common in Philosophy than Literature.,49.1,32.5,1.5,123352.0,26175.0,***,to that if as of for in by because whether since while though although than without about so from on such once before whereas with,to that as if of in by because for while though than whether although since so before without from after with once about whereas on,"""that are useful TO compare the logical"" ""Thirdly, we note THAT the elementary"" ""IF this new perspective"" ""definitions in CL, AS follows"" ""defined as a class OF preparing devices""","""The books TO be read are selected"" ""The fact THAT American literature"" ""such curricula, AS it did at Washington"" ""But IF this metareflection"" ""irrespective OF whether or not""",deprel,mark
deprel_det:predet,0.3489360377399378,Predeterminer,Predeterminers are 1.2x more common in Philosophy than Literature.,1.2,1.0,1.2,3067.0,811.0,***,such all both quite either half whatever neither what each next regards nary,all such both what quite half either neither whatever each many nary,"""property, while SUCH a set can not be"" ""responsible for ALL the data that instantiate"" ""that encompasses BOTH practical and theoretical"" ""interesting facts QUITE another, and the"" ""EITHER position appears""","""soft landing ALL the same, as the"" ""coincide, in SUCH a way that they"" ""Yet BOTH these features"" ""WHAT a story"" ""fact, he makes QUITE the opposite claim""",deprel,det:predet
pos_DT,0.31906834821568114,Determiner,Determiners are 1.0x more common in Literature than Philosophy.,100.1,101.0,1.0,251587.0,81282.0,*,the a this an that some these all no any those each another every both either neither anothers thats anyones ‐be aa –this th n,the a this an that these all no some those any another each both every neither either thee whatsoever thy anothers whiche yonder th tothe,"""induced by T. THE triple (< / >v"" ""choosing, for A given theory T"" ""THIS procedure consists"" ""expressing T, AN observative sublanguage"" ""basic elements, THAT is, T, L and""","""mean that after THE twenties American"" ""especially as A result of the second"" ""In THIS era of flux, American"" ""Sweet took AN A.B"" ""as part of THAT push, the college""",pos,DT
pos_FW,0.29270105495987325,Foreign word,Foreign words are 5.6x more common in Philosophy than Literature.,1.0,0.2,5.6,2610.0,149.0,***,e.g. i.e. i.e etc e.g etc. eds. cf c. pp. cf. viz. ed. esp. i.e.. i. q.v. ca. resp. cp. clearly ie then a. eg.,"e.g. etc etc. i.e. pp. ed. , i.e esp. eds. ca. ibid. e.g asap bk. cf wer nt","""E.G. I expect that I"" ""modern physics, I.E., classical mechanics"" ""dependence — I.E"" ""of digits, ETC...), and that"" ""properties (E.G""","""social arena (E.G., Sanders"" ""proud, modest, ETC, and the Swiss"" ""orthography, ETC"" ""correctly   (I.E., heteronormatively"" ""vacillate wildly (PP. Many are seduced""",pos,FW
pos_-RRB-,0.2627186901684046,Right parenthesis,Right parenthesiss are 1.5x more common in Philosophy than Literature.,6.1,4.1,1.5,15445.0,3270.0,***,) ] > } >m \ >> >. /? =? |ψ ?) ]t >v '->q '¡/ p> +i />! /;) ->-e >>? >ß .t. .),) ] [. > [.. .– ^ '. ?!) ́ .' i.,"""with certainty), defining a physical"" ""face of [vor"" ""G £ U Sf I > ext (A) G ¿"" ""p (~ G/D)"" ""depends on </ >M, because of course""","""Spoken English  ), Drama, and other"" ""the village] takes pride"" ""der Gegenwart"" ""gallica.bnf.fr >) and Google Book"" ""di alabastro""",pos,-RRB-
deprel_cop,0.2593694380054502,Copula,Copulas are 1.6x more common in Philosophy than Literature.,27.4,17.0,1.6,68856.0,13652.0,***,is are be being was were 's am been s 'm r 're m isnt re thats can does \ arent im = will hes,is are was be were been being 's am 're s 'd 'm r m re t ai 'e wes im le can ys tis,"""following statement IS then straightforward"" ""statements that ARE useful to compare"" ""To BE precise, we intend"" ""responsible, but BEING responsible also"" ""evolutionary selection WAS at best random""","""particular institutions IS immaterial since"" ""to al - Tiba ARE most often those"" ""the mid-nineties WAS indeed representative"" ""decades tended to BE in the   West"" ""because they WERE permanent, by""",deprel,cop
pos_HYPH,0.24883047512489087,Hyphen,Hyphens are 1.3x more common in Philosophy than Literature.,6.0,4.7,1.3,15067.0,3816.0,***,"- / ?- ‐ { © ¬ -» — -à- t- ψ- *- л- φ /-- ~ ^- !- > w// –to ô , -th","- , — ; .e © / ‐ -- ... -/ ]n 'd -"" ť -in { -e :ll ‐to 'r hy","""derived and theory - dependent notion"" ""mean that p(I / M) is also very"" ""ix? Cm. A?- term without free"" ""worse, self ‐ serving) purposes"" ""where the hole { } has been replaced""","""order   as small - town America"" ""actif et moderne, mais de saisir"" ""fort bien m acqu — rir un jour autant"" ""change jamais; aussi un esprit"" ""perverse libertinage.E propagation of""",pos,HYPH
deprel_compound,0.2419053179200571,Compound,Compounds are 1.1x more common in Philosophy than Literature.,21.7,20.6,1.1,54622.0,16608.0,***,self truth order decision level belief knowledge time university state probability set quantum world model type theory color ones material context subject background sense brain,self century world class e material language life state gender post war living reading family working ing art con writing time identity university film subject,"""of arising and SELF - concealing"" ""every aGl, TRUTH assignment vff"" ""about first - ORDER standards"" ""recommendations of causal DECISION theory"" ""barrier to high - LEVEL perception, then""","""a matter of SELF - fashioning in"" ""nineteenth - CENTURY Europe"" ""of the second WORLD War"" ""exclusiveness of CLASS affiliation, material"" ""Palimpsestic Memory : E Holocaust and Colonialism""",deprel,compound
pos_EX,0.2367199630741889,Existential there,Existential theres are 2.6x more common in Philosophy than Literature.,3.1,1.2,2.6,7820.0,977.0,***,there,there their,"""property, then THERE is no reason to""","""instruction argued that THERE were barely enough"" ""you the love THEIR is in me for you""",pos,EX
deprel_nsubj:pass,0.21193127716744561,Passive nominal subject,Passive nominal subjects are 1.2x more common in Philosophy than Literature.,9.0,7.8,1.2,22671.0,6270.0,***,that it they which we this one what i he who theory argument belief she beliefs notion knowledge conditions problem p information account view properties,it that they which he who we i she what this one work reader you words man text life references all much history attention these,"""disjunctive analysis THAT is more plausibly"" ""however, IT can be extended"" ""theories to which THEY were supposed to"" ""chunking effect, WHICH in turn is supposed"" ""is that, as WE con sidered earlier""","""But IT can not be called"" ""world of disorder THAT will be put to"" ""perpetrator, even if THEY are meant to overcome"" ""West,   WHICH, as Kermit Vanderbilt"" ""to real ize HE has been brainwashed""",deprel,nsubj:pass
deprel_compound:prt,0.20580166195268818,Phrasal verb particle,Phrasal verb particles are 1.1x more common in Literature than Philosophy.,1.9,2.1,0.9,4693.0,1672.0,***,out up on down off in aside over away about through like together forward back forth behind apart to n into upon alone j moot,out up on down off in over away aside together through about back like forth behind ing inside alone apart anew forward bare withme,"""recently worked OUT"" ""that make it UP we need at least"" ""phenomena by drawing ON methodological"" ""principle be narrowed DOWN, even to a single"" ""require me to cut OFF one of my legs""","""only to point OUT that we should"" ""literature showed UP in such curricula"" ""keeping them ON to teach multiple"" ""for me to sit DOWN at the keyboard"" ""one, killing OFF the dead all over""",deprel,compound:prt
pos_SYM,0.17406920887349686,Symbol,Symbols are 4.2x more common in Philosophy than Literature.,0.6,0.1,4.2,1415.0,109.0,***,= / + { ̄ -> \ => ^ // /( /- |= ~ ^( := -+ /\ x //+( +( \( ψ+ -w >(,/ + – = _. ^ .is .e,"""predicates, £ = { E, F,. Individual"" ""of sentences < / >v that are verifiable"" ""p (E) + p(F), lj"" ""predicates, £ = { E, F,. Individual"" ""Suppose Δ ̄ sL ψ ̄ and ψ ̄ / Δ ̄""","""first body [we / they] have any"" ""human], [+ concrete],"" ""Hichens (November – July), Dictionary"" ""classification as English = Little People"" ""n It M. rF _. C,""",pos,SYM
deprel_obj,0.14317145543093213,Object,Objects are 1.0x more common in Philosophy than Literature.,41.4,40.2,1.0,104024.0,32325.0,***,that it what us them this how reason belief knowledge something role account one which beliefs view problem sense properties why theory question me argument,it that them what him us which itself sense how himself way me place her attention themselves something one world role work form history life,"""ugly carnations THAT she hates for their"" ""way, and call IT a day"" ""currently unsure WHAT to say about some"" ""Furthermore, let US denote by c, fi"" ""or rendered THEM at best random""","""at both marked IT as anti-professional"" ""exactly the story THAT the literary works"" ""graduates, keeping THEM on to teach multiple"" ""perfectly clear WHAT such an interconnection"" ""characterizes HIM) third - person""",deprel,obj
deprel_discourse,0.1389714248977811,Discourse element,Discourse elements are 1.8x more common in Philosophy than Literature.,1.3,0.7,1.8,3203.0,558.0,***,so ii a i say b iii no like well p yes v viz o k h c iv y ̄ n hi w e,no so well like yes o oh say p. aer please vol alas yeah right i ah ii ing n nay ix um pp. e,"""SO is n t the rationality"" ""In (II), we also treat"" ""raising here are (A) how the identity"" ""But since (I) is only an index"" ""rather than, SAY, attention phenomena""","""Huck says,   NO  m"" ""SO the political can"" ""Shes WELL; she thanks My"" ""like x (and   LIKE x,   as we can"" ""YES,   un homme de""",deprel,discourse
deprel_nmod,0.13834317336842167,Nominal modifier,Nominal modifiers are 1.2x more common in Literature than Philosophy.,49.9,58.2,0.9,125508.0,46872.0,***,theory what knowledge belief world view properties them truth argument science question objects nature evidence beliefs logic theories it paper system states experience action cases,life history world what literature work language novel culture time text them it art writing century form experience power identity poetry knowledge nature society narrative,"""In a physical THEORY T of the kind considered"" ""our list of WHAT counts as reasonable"" ""sociologists of KNOWLEDGE concerns what we"" ""is a kind of BELIEF"" ""in the first WORLD is better than""","""of vAssaf  s LIFE and death will"" ""often including HISTORY, were combined"" ""place in the WORLD  ) with the particular"" ""a reading of WHAT was going on in"" ""of English LITERATURE""",deprel,nmod
deprel_vocative,0.1321506836289805,Vocative,Vocatives are 1.6x more common in Literature than Philosophy.,0.1,0.2,0.6,375.0,194.0,***,i t cf facie a q contra b peter sec fig vol l de al φ w pi tj s f p kant g qua,i t sir me mr. friend lord villagr none nurse chris trans susan h—l cul meaning fiona joanna vestigo fame!en charcoal jessie jacques stf motber,"""enemy... [I] f both divisions"" ""group case : [T] he proposed procedure"" ""CF. In conjunction"" ""Prima FACIE, we do not want"" ""Appendix A. It is a model""","""I. Of Generic Worlds"" ""written,   [T] he respect for"" ""SIR you may now perceyve"" ""there - before - ME it can allow itself"" ""complaining   Indeed, MR. Mercury, I can""",deprel,vocative
pos_VBP,0.1306249086584718,"Verb, non-3rd person singular present","Verb, non-3rd person singular presents are 1.7x more common in Philosophy than Literature.",23.2,14.0,1.7,58196.0,11308.0,***,are have do need am think take know believe want argue make seem say see use suggest call exist consider claim find show hold involve,are have do am know think need make want seem see find take suggest appear become call believe provide come say include mean live give,"""/ >v that ARE verifiable (or"" ""anger that we HAVE in response to"" ""notions that DO not coincide with"" ""the inference NEED not be viewed as"" ""First, if I AM right, then investigating""","""books to be read ARE selected by the"" ""alternative that we HAVE presented is"" ""surprisingly, DO not end with last"" ""AM I quite well"" ""objects that we KNOW will be there in""",pos,VBP
deprel_ccomp,0.13001579736721205,Clausal complement,Clausal complements are 2.2x more common in Philosophy than Literature.,10.9,5.1,2.2,27302.0,4068.0,***,is have has are true be know false do possible what make case one knows believe need wrong justified ought makes take exist requires part,have is had has made take what are do read one makes need become make was come found go seen be work see know remains,"""not think there IS anything simple"" ""indispensable we HAVE no choice but to"" ""our procedure HAS to cope with an"" ""agree that there ARE drugs (and emotions"" ""what he said is TRUE is, in some sense""","""their writings HAVE il locutionary"" ""that there IS indeed reenactment"" ""critics have HAD erroneous conceptions"" ""this world,   HAS its own particular"" ""life has been MADE available to the""",deprel,ccomp
pos_RB,0.1275372045167737,Adverb,Adverbs are 1.2x more common in Philosophy than Literature.,50.7,42.4,1.2,127302.0,34104.0,***,not so then only also even however just here thus rather now well n't as very still simply first therefore indeed perhaps too hence merely,not also so only even rather then however here as well thus now just too often indeed still never always very perhaps n't far instead,"""notions that do NOT coincide with the"" ""infant, I do SO while amusing myself"" ""L) is THEN the desired concrete"" ""adequately captured ONLY by a massively"" ""ALSO in the specific""","""debut but did NOT survive"" ""setting, it is ALSO the tremendous"" ""the novel ever SO slightly"" ""Munif as not ONLY a major Arab novelist"" ""perpetrator, EVEN if they are meant""",pos,RB
deprel_obl,0.12686681768744634,Oblique nominal,Oblique nominals are 1.1x more common in Literature than Philosophy.,44.7,48.7,0.9,112324.0,39208.0,***,which way case example terms sense fact cases what all view it time instance theory one context account respect point them hand world section that,which time way it fact terms him all what example sense form case them one world words end me moment hand point work context part,"""Lq(x) in WHICH quantum connectives"" ""purely formal WAY because QM can"" ""the specific CASE of standard QL"" ""For just one EXAMPLE, suppose that"" ""neutrality in TERMS of the common ground""","""the point at WHICH a program became"" ""institution for some TIME in the latter"" ""in them in a WAY that preclude"" ""ourselves towards IT, irrespective"" ""solely in the FACT that they give""",deprel,obl
deprel_acl,0.12668045943124615,Clausal modifier of noun (adnominal clause),Clausal modifier of noun (adnominal clause)s are 1.2x more common in Philosophy than Literature.,12.2,9.9,1.2,30545.0,7930.0,***,do have given believe having think involved involving used is associated made based thinking described make true discussed has considered know required believing using expressed,made do associated written based used produced given called involved reading make found thinking defined known published making read taken cited come say drawn described,"""rational thing to DO; such scenarios"" ""knowledge attributions HAVE more than one irreducible"" ""aims should be GIVEN as a conjunctive"" ""their peers to BELIEVE falsehoods for"" ""Greek sense of HAVING arete, when it""","""once a judgment MADE by a thinking person"" ""his sons to DO their duty to God"" ""framing habitually ASSOCIATED with the New Criticism"" ""last words, WRITTEN years before his"" ""street theater BASED on physical approval""",deprel,acl
pos_VB,0.11477251961441716,"Verb, base form","Verb, base forms are 1.5x more common in Philosophy than Literature.",39.7,26.8,1.5,99681.0,21582.0,***,be have say do see make let consider think take suppose know explain believe show argue seem give provide use understand note call assume mean,be have see make do say take think know come let find read understand speak seem give go become mean use suggest write appear get,"""but it can BE provided with a"" ""reason could we HAVE to rely on angers"" ""Why not SAY, as both Michael"" ""but this wo nt DO, as we also lack"" ""We can SEE this by running""","""themselves or BE eliminated; in"" ""victims would HAVE raised objections"" ""colonialism : SEE Palimpsestic Memory"" ""operationalize — to MAKE verifiably repeatable"" ""his sons to DO their duty to God""",pos,VB
pos_NFP,0.1113721066507935,Superfluous punctuation,Superfluous punctuations are 5.4x more common in Philosophy than Literature.,0.5,0.1,5.4,1236.0,73.0,***,* | { ~ · -> ^ > /? -* := _ ̄ /. \ ** >. - => =x *( = >( -< ¬,* | { [. ^ >. - :: > .t. _. β. >:: ::: _ ::'::::::: /. \ ©,"""G < / >(*), we call physical"" ""to equal P(| E), in parallel"" ""Axiom P { ext (S)   S G"" ""others satisfy   ~ < I > (x)"" ""Keywords Fallibilism · Infallibilism ·""","""X *"" ""joy extreme, | He sure must conquer"" ""impetus, hurls { rapii) all the"" ""Moll says :"" ""STf fS, ^ Rlb^   The earth""",pos,NFP
pos_-LRB-,0.09952143721382761,Left parenthesis,Left parenthesiss are 1.5x more common in Philosophy than Literature.,6.6,4.5,1.5,16538.0,3635.0,***,( [ < { -( a( φ( t( i( ~( ^ {< o( {( pr( y( '( c( ï( ~< ->( α( -*( ^( v(,( [ < { '. ... '( [.,"""are verifiable (or testable) according"" ""the face of [vor"" ""of sentences < / >v that are verifiable"" ""variable a : x G { x} I > a (x"" ""F -^ G ^ -(F A -G) F""","""literature, Elocution (sometimes called"" ""in which it [the village] takes"" ""Gallica (< gallica.bnf.fr"" ""fallen heroes { Le Cid and, respectively"" ""Gerard et Girodet  . Madame la Duchesse""",pos,-LRB-
deprel_goeswith,0.09632632947912574,Goes with,Goes withs are 2.9x more common in Philosophy than Literature.,0.0,0.0,2.9,9.0,1.0,,_,_,"""inconsistent subset of _ the proposition""",""": ::: : _ :: E g :""",deprel,goeswith
deprel_fixed,0.0918773663711123,Fixed multiword expression,Fixed multiword expressions are 1.3x more common in Philosophy than Literature.,4.5,3.5,1.3,11329.0,2856.0,***,to as than order least course of that well other another or on not case opposed if for with in alone upon between w s,as than well of to order course least that other if another opposed for on with or not between case against in like alone from,"""equivalent according TO T. Physical object"" ""oneself as well AS others"" ""detection rather THAN absolute"" ""In ORDER to bypass this"" ""should be able at LEAST in principle to""","""Poets   such AS Scott, Wordsworth"" ""aggregate rather THAN as distinct specialized"" ""ary Creole as WELL as strategies of"" ""mainly because OF the significance"" ""Prior TO that time, Literature""",deprel,fixed
pos_NNS,0.08705935118361079,"Noun, plural","Noun, plurals are 1.1x more common in Philosophy than Literature.",51.8,45.7,1.1,130138.0,36775.0,***,properties cases terms beliefs reasons things objects theories conditions states people ways others facts relations concepts propositions models agents claims arguments sentences parts words kinds,words people terms readers texts women forms others things ways men years works writers studies poems critics politics characters rights ideas lines languages events questions,"""formalizing the PROPERTIES of the notion of"" ""restricted range of CASES without thereby"" ""neutrality in TERMS of the common ground"" ""decisions and form BELIEFS in a way that is"" ""are very good REASONS to resist the shadow""","""sufficient last WORDS than the poet  s"" ""that   some PEOPLE die young in order"" ""between its two TERMS; and the preface"" ""perspectives of READERS and characters"" ""Notably, their TEXTS deal with works""",pos,NNS
deprel_nsubj,0.0816027710293563,Nominal subject,Nominal subjects are 1.2x more common in Philosophy than Literature.,69.9,59.5,1.2,175674.0,47858.0,***,we i that it they this one he which she you who what theory argument agent p a people account view things s reason fact,that he it i we they who which she this one you what people man work narrator all readers critics novel poem text language history,""">(*), WE call physical proposition"" ""i¡ / (x) I G { T, F) such"" ""some statements THAT are useful to compare"" ""could argue that IT recovers standard"" ""pluralism) because THEY formalize metalinguistic""","""United States THAT was in operation"" ""America, or what HE usefully calls"" ""curricula, as IT did at Washington"" ""following pages I will present three"" ""whether or not WE are personally""",deprel,nsubj
deprel_appos,0.08137809153039278,Appositional modifier,Appositional modifiers are 1.6x more common in Literature than Philosophy.,4.5,7.1,0.6,11228.0,5741.0,***,one a x p press press. b c t f i e those sect theory s something ed. m l what q set view property,one ed p. trans ed. univ. man history univ way what something form sense la those press world kind poet that language pp. vol fig,"""a suppressed ONE"" ""Sf I > ext (A) G ¿"" ""x) G i //(X), < x(x) is"" ""and a property P, oo and P determine"" ""MA : MIT PRESS""","""on Milton, ONE on   Later Poets"" ""Motherhood, ED"" ""Theatre, P. xxxviii"" ""Independence,   TRANS"" ""la poetique, ED. Since Pyrrhus has""",deprel,appos
deprel_nummod,0.0786404820774332,Numeric modifier,Numeric modifiers are 1.2x more common in Philosophy than Literature.,3.2,2.7,1.2,8096.0,2178.0,***,two one three four five ii zero ten iii v six thousand i seven eight k million e c x twenty iv nine forty hundred,two one three four five twenty six hundred ten thousand seven eight ii forty nine thirty fifty twelve fourteen fifteen e thirteen i iii iv,"""TWO disjoint sets of"" ""For just ONE example, suppose"" ""some of its THREE basic elements"" ""procedure consists of FOUR steps"" ""is a perfect FIVE - year - old me""","""The first TWO instructors taught"" ""are those of ONE kind of geographic"" ""course included THREE units, one on"" ""made of those FOUR biographies"" ""point that, FIVE years af ter our""",deprel,nummod
deprel_csubj,0.07863074798321362,Clausal subject,Clausal subjects are 2.1x more common in Philosophy than Literature.,2.8,1.3,2.1,6923.0,1054.0,***,see say have think having doing note believe is take do make knowing suppose taking seeing give know assume imagine find true show using consider,say see think have read find writing note make looking remember thinking reading know recognize seeing become making makes assume give consider live using acting,"""It is hard to SEE that this claim"" ""is natural to SAY that I do not see"" ""be helpful to HAVE a particular example"" ""astonishing to THINK that the constraints"" ""HAVING the phrase   shoo""","""not enough to SAY that poets follow"" ""not easy to SEE how a politics"" ""difficult to THINK of another writer"" ""Nor HAVE literary theorists"" ""suggestive to READ Monchoachi  s speech""",deprel,csubj
pos_MD,0.07831857990738075,Modal,Modals are 1.9x more common in Philosophy than Literature.,16.6,8.9,1.9,41609.0,7133.0,***,can will would may might should could must shall ought ca wo 'll ll cant 'd lets t need doth wed cannot d o wouldn,can would will may could might must should shall 'd ought ca 'll wo shalt cant didst hast thou doth wou ll ihall wilt wold,"""way, but it CAN be provided with"" ""The answer WILL be so context"" ""specifically, he WOULD observe that we"" ""however, one MAY wonder whether"" ""While anger MIGHT be a good epistemic""","""the topographies CAN be understood as"" ""American literature WOULD experience decades"" ""following pages I WILL present three detailed"" ""such a statement MAY be too totalizing"" ""territory who COULD pass the entrance""",pos,MD
deprel_nsubj:outer,0.06744739685651599,Outer clause nominal subject,Outer clause nominal subjects are 2.0x more common in Philosophy than Literature.,2.5,1.3,2.0,6381.0,1012.0,***,what it this point that problem way reason idea question aim claim one goal all view answer thing response difference conclusion explanation task which fact,it what that point this one which way problem question aim all thing reason purpose idea effect task claim answer difference issue we implication function,"""WHAT we have in mind"" ""us anything, IT is that any reflective"" ""THIS is to emphasize"" ""However, my POINT is not that there"" ""person - stages - THAT is to say, suppose""","""anxieties :   IT  s as if it were"" ""observed : Now, WHAT specifically defines"" ""to himself, THAT is to say the thesis"" ""My POINT is not that this"" ""THIS is not to take""",deprel,nsubj:outer
deprel_advcl:relcl,0.0643357019646682,Adverbial relative clause modifier,Adverbial relative clause modifiers are 1.6x more common in Philosophy than Literature.,1.0,0.6,1.6,2425.0,479.0,***,have think come has works is are true came holds used know ought understood work take makes use supposed make possible comes case understand thinks,came makes made work read provides became make takes had chooses knows end transformed is comes say worked understand took begins does laughed important expressed,"""decision to act can HAVE side - effects"" ""about how I THINK we should conceive"" ""story of how I COME to stand in relation"" ""persisting entity HAS different properties"" ""how something WORKS or operates — what""","""that  s how it CAME out"" ""paradoxically MAKES the mind intelligible"" ""that man was MADE like God before"" ""about how things WORK"" ""show us why we READ works of literature""",deprel,advcl:relcl
pos_CC,0.06140498232946623,Coordinating conjunction,Coordinating conjunctions are 1.3x more common in Literature than Philosophy.,26.5,35.1,0.8,66659.0,28266.0,***,and or but both either nor yet neither & plus n minus t/ ór ˗˗like }. a i( φ( ± xn <» and' c( cts.,and or but both yet nor either neither & plus n minus .leaft for albeit unor dis ver .eir,"""given theory T AND classical language"" ""verifiable (OR testable) according"" ""formal way, BUT it can be provided"" ""sentence has BOTH a truth value and"" ""evolutionary forces have EITHER pushed our angry""","""Drama, AND other affiliated"" ""a single area OR placed in separate"" ""curricular debut BUT did not survive"" ""suggested by BOTH poem and novel"" ""YET if Munif  s novel""",pos,CC
deprel_nmod:poss,0.06050220653871626,Possessive nominal modifier,Possessive nominal modifiers are 1.7x more common in Literature than Philosophy.,12.8,22.3,0.6,32193.0,17947.0,***,our their its his my her your one whose agent subject kant aristotle s god lewis person speaker leibniz quine russell hume frege carnap people,his its their her our my whose your one novel milton poet thy women man play shakespeare god narrator poem author king james eliot reader,"""is adopted, OUR derivation of standard"" ""human beings and THEIR emotions generally"" ""formal because ITS basic elements"" ""year George buys HIS wife Martha the"" ""of them, but MY hunch is that when""","""villagers for HIS eccentricities"" ""Literature offered ITS first specialized"" ""universities with THEIR secular research"" ""nineties, and like HER peers at Mount"" ""be based on OUR physical interaction""",deprel,nmod:poss
pos_WDT,0.056761745118005566,Wh-determiner,Wh-determiners are 1.1x more common in Philosophy than Literature.,9.7,8.7,1.1,24381.0,7019.0,***,that which what whatever whichever whereby –that,that which what whatever whichever whosoever whych whatsoever whereby whiche who,"""sentences < / >v THAT are verifiable"" ""according to T, on WHICH a weak complementation"" ""best gloss on WHAT anger fits, but"" ""Knowledge is   WHATEVER people take to"" ""shortcomings about WHICHEVER domain it is that""","""case studies THAT illustrate American"" ""permanent, by WHICH I mean that after"" ""give voice to WHAT ideology hides"" ""In WHATEVER form, literary"" ""had to read WHICHEVER section reached""",pos,WDT
deprel_case,0.055595016361820494,Case marking,Case markings are 1.2x more common in Literature than Philosophy.,103.9,121.7,0.8,261200.0,97980.0,***,of in to for on with as by 's from about at between into than like according over under through within against such without ',of in to 's for as with by on from at between into about like through than within against over after among under upon without,"""the set OF states in the physical"" ""set of states IN the physical proposition"" ""when referring TO states in the following"" ""T because, FOR every a (jc"" ""a depends ON T""","""changing culture OF higher education"" ""higher education IN the nineties"" ""and suited TO less rigorous academic"" ""faculty with Ph.D.  S and those without"" ""the institution FOR some time in the""",deprel,case
deprel_amod,0.0494663637882185,Adjectival modifier,Adjectival modifiers are 1.0x more common in Literature than Philosophy.,67.7,70.8,1.0,170019.0,57019.0,***,other such different same epistemic certain moral causal first particular many cognitive relevant possible new mental natural second physical own general scientific human logical good,other new literary own first such social human same political many different modern historical english early cultural great american particular critical very second french public,"""there are many OTHER emotional responsibility"" ""we factor in SUCH false beliefs about"" ""implies that DIFFERENT concrete logics"" ""wife Martha the SAME ugly carnations"" ""rely on angers EPISTEMIC tracking powers""","""s than did OTHER kinds of institutions"" ""The NEW Department of English"" ""story that the LITERARY works of Cavafy"" ""from among its OWN most favored graduates"" ""Literature offered its FIRST specialized classes""",deprel,amod
pos_NN,0.0461246129163532,"Noun, singular or mass","Noun, singular or masss are 1.0x more common in Literature than Philosophy.",151.2,153.4,1.0,379948.0,123527.0,***,case theory way knowledge belief view truth fact sense reason argument p example world account question problem time order evidence something point kind x relation,world time way life work history language self form sense text century novel literature man part power fact place point case order culture experience poem,"""the specific CASE of standard QL"" ""for a given THEORY T and classical"" ""purely formal WAY, but it can be"" ""genealogy of KNOWLEDGE should rule out"" ""that make your BELIEF forming capacities""","""differentiated WORLD of American education"" ""Prior to that TIME, Literature was"" ""also on his WAY to Warsaw"" ""language, whose LIFE experience and"" ""The WORK is developed through""",pos,NN
pos_UH,0.042421845218547,Interjection,Interjections are 1.0x more common in Literature than Philosophy.,0.7,0.7,1.0,1681.0,547.0,,say no like yes well viz h o w iii hi w- b- iv b m ing p- oh n- f- ß y m- alas,no well like yes oh o say please vol alas yeah ah ing aer iv nay ich ix welcome um ll yea hi dis je,"""rather than, SAY of a depth - of"" ""NO - one involved"" ""assumption that — LIKE sets — pluralities"" ""YES, credit - seeking"" ""Georges means - WELL gift giving would""","""Huck says,   NO  m"" ""Shes WELL; she thanks My"" ""like x (and   LIKE x,   as we can"" ""YES,   un homme de"" ""the scene :   OH, my Margaret —""",pos,UH
pos_JJ,0.02944606043373953,Adjective,Adjectives are 1.0x more common in Philosophy than Literature.,82.4,79.4,1.0,207013.0,63914.0,***,other such true different same possible particular first epistemic certain many causal moral relevant general good natural cognitive own second mental physical important rational false,other such own literary first new same social human many political different historical modern cultural particular early much english good great possible important real second,"""wall to the OTHER"" ""T, F) SUCH that vff (o L"" ""C - truth { TRUE with certainty"" ""one can obtain DIFFERENT concrete logics"" ""by running the SAME moves on this formulation""","""Drama, and OTHER affiliated fields"" ""showed up in SUCH curricula, as"" ""from among its OWN most favored graduates"" ""experience and LITERARY enterprise has"" ""The FIRST two instructors""",pos,JJ
deprel_aux:pass,0.026786463106237127,Passive auxiliary,Passive auxiliarys are 1.2x more common in Philosophy than Literature.,10.5,8.9,1.2,26338.0,7177.0,***,be is are been being was were am get 's gets 're re getting 'm s got m weve isnt r remain con poisson uni,is be are was been were being am gets get 's getting 're got re 'm m im aie canbe live tis remembering rec ar,"""however, it can BE extended to account"" ""new perspective IS adopted, our derivation"" ""States ARE defined as equivalence"" ""model has BEEN recently worked"" ""not in fact BEING violated""","""The work IS developed through"" ""The books to BE read are selected"" ""books to be read ARE selected by the"" ""Literature WAS grouped with History"" ""definitively - BEEN separated from""",deprel,aux:pass
deprel_csubj:pass,0.025730852125543675,Clausal passive subject,Clausal passive subjects are 2.2x more common in Philosophy than Literature.,0.1,0.0,2.2,227.0,33.0,***,have give explained provides meant directing exist able applying rejected presupposes result lies making accepting solved case followed involve represent derived follows taking stand believing,ahistorical used opening ornaments had visit done pricks employed taking threatened recover attack founded suffers influenced has knew remarkable played rewriting lies player inscribed underline,"""should already HAVE all future possibilities"" ""inference should GIVE some new information"" ""structure is not EXPLAINED by minimal externalism"" ""knowledge account, PROVIDES a natural explanation"" ""point neednt be MEANT as a necessary""","""only inherently AHISTORICAL, but also manifests"" ""cognates - are USED extensively as"" ""OPENING famously with the"" ""letters are the ORNAMENTS of society; yet"" ""way Dujardin HAD two major models""",deprel,csubj:pass
deprel_nmod:unmarked,0.021603760890458894,Unmarked nominal modifier,Unmarked nominal modifiers are 1.6x more common in Literature than Philosophy.,0.5,0.8,0.6,1189.0,618.0,***,itself themselves himself p herself c x pp. today g way f myself time minute another a y i b night φ doubt ourselves being,itself himself themselves pp. p. today herself time october years pp months another year bce little fall days thanks eds way bc yourself morning times,"""the welcoming ITSELF that brings arising"" ""just the objects THEMSELVES, rather than anything"" ""that Sperling HIMSELF was prepared to"" ""Q., sé, P) is called a probability"" ""which the subject HERSELF has""","""ventriloquism ITSELF"" ""with Herrick HIMSELF, the seventeenth"" ""Racine  s plays THEMSELVES, in their diversity"" ""books (M, PP"" ""Ghetto (VE, P""",deprel,nmod:unmarked
pos_CD,0.020790969076522496,Cardinal number,Cardinal numbers are 1.1x more common in Philosophy than Literature.,4.5,4.2,1.1,11339.0,3346.0,***,one two three four ii zero five iii v k ten six i thousand seven eight twenty nine million hundred vii viii forty iv vi,one two three four twenty five ii six ten hundred eight iii thousand seven thirty forty fifty nine twelve fifteen fourteen i iv vi million,"""to get from ONE wall to the other"" ""Then we consider TWO fundamental theories"" ""some of its THREE basic elements"" ""procedure consists of FOUR steps"" ""Matter (I and II""","""three units, ONE on Milton, one"" ""The first TWO instructors taught"" ""will present THREE detailed case studies"" ""made of those FOUR biographies"" ""now there were TWENTY, one of which""",pos,CD
deprel_advcl,0.015007907673770774,Adverbial clause modifier,Adverbial clause modifiers are 1.2x more common in Philosophy than Literature.,20.4,17.2,1.2,51165.0,13873.0,***,given is have see true has using having do are make follows say making know doing explain think believing saying taking right take does possible,making make see do is seen have given read doing using writing say having taking has does know reading did put giving had suggests made,"""GIVEN the preparatory"" ""though there IS a problem here"" ""Nathan Stout HAVE (in private correspondence"" ""for   If I SEE to it that A"" ""incredible, if TRUE""","""Later, MAKING amends to Sir James"" ""operationalize — to MAKE verifiably repeatable"" ""Where others SEE peace, she is"" ""as you always DO, never looking"" ""experience, as there IS little doubt that""",deprel,advcl
deprel_aux,0.01114741775352025,Auxiliary,Auxiliarys are 1.5x more common in Philosophy than Literature.,24.0,16.6,1.5,60309.0,13333.0,***,can will would does have may might should do could must has is are shall did had am need be having 's ca was wo,can have has would will had does may could might must do should is did are was shall having were be been am 'd ca,"""proposition one CAN define a notion"" ""properties that WILL probably be quite"" ""specifically, he WOULD observe that we"" ""— but where DOES it end"" ""But as I HAVE noted along the""","""perspective which CAN express the palimpsestic"" ""victims would HAVE raised objections"" ""something that HAS passed — it forms"" ""American literature WOULD experience decades"" ""following pages I WILL present three detailed""",deprel,aux
deprel_advmod,0.010333902720905673,Adverbial modifier,Adverbial modifiers are 1.2x more common in Philosophy than Literature.,56.3,47.2,1.2,141379.0,38008.0,***,not then so only when also more even however just thus how here now where n't very still first as simply therefore well why most,not more also when only so even then however most how thus just where now here too often as indeed still never much always very,"""standard QL is NOT purely formal because"" ""statement is THEN straightforward"" ""emotions generally, SO this result would"" ""as well that ONLY ing that holding"" ""word   pure   WHEN referring to states""","""men, some but NOT all of whom had"" ""natural landscape MORE than any other"" ""literature — was ALSO an impetus to define"" ""WHEN the narrator visits"" ""forcefully frames not ONLY the stories he""",deprel,advmod
pos_GW,0.009889763995466322,'Goes With' or error marker,'Goes With' or error markers are 1.6x more common in Literature than Philosophy.,0.0,0.0,0.6,2.0,1.0,,max isaac,futuri,"""DISAGREEMENT by MAX Kolbel ABSTRACT"" ""ISAAC LEVI GAIFMAN""","""FUTURI SPES VIRTUTEM ALIT""",pos,GW
pos_JJR,0.009155676083589515,"Adjective, comparative","Adjective, comparatives are 1.0x more common in Philosophy than Literature.",2.4,2.4,1.0,5999.0,1911.0,,more better higher less further greater lower worse earlier stronger closer later larger weaker broader deeper smaller simpler wider easier lesser harder clearer richer fewer,more less better larger earlier later greater older higher further broader wider lower closer worse younger longer stronger smaller deeper easier harder shorter clearer lesser,"""misapply it in some MORE or less restricted"" ""anger is no BETTER than chance at"" ""disproportionately HIGHER risks for those"" ""forming capacities LESS than theoretically"" ""inclined to ask any FURTHER questions""","""death will change MORE than the villagers"" ""struggle became LESS and less politically"" ""knows the desert BETTER and respects the"" ""the logic of LARGER wholes, of genres"" ""James Mill  s EARLIER description""",pos,JJR
deprel_obl:agent,0.0060285140715345105,Oblique agent in passive construction,Oblique agent in passive constructions are 1.2x more common in Literature than Philosophy.,2.4,2.9,0.8,6055.0,2333.0,***,fact theory evidence means what considerations reasons facts properties it those system rules model theories appeal laws relations context sentence subject agents agent principle them,it those critics men fact what poet number writers forces means author people others readers language work many words force scholars consciousness authors god nature,"""possible by the FACT that language lies"" ""M - L type THEORY is that of dependent"" ""supported by ones EVIDENCE, and thus provides"" ""expressed by MEANS of a classical"" ""determined by WHAT we existentially""","""surprised by IT (to be surprised"" ""relationships exerted by THOSE with power"" ""often seen by CRITICS as a kind of artistic"" ""were taught by MEN, some but not"" ""demonstrated by the FACT that the mutineers""",deprel,obl:agent
deprel_dep,0.003126277730728527,Unspecified dependency,Unspecified dependencys are 1.3x more common in Literature than Philosophy.,0.5,0.6,0.8,1161.0,481.0,***,c x a v p ii i b e ibid op f iii j + φ cf g n k u h y pp. t,p. ii i fig qtd london iii v iv km we cambridge pp. vi p vii f sic pp e viii ing fol ?common t,"""d) iff a < C or (a = c and"" ""ext (a(X))) c"" ""Connectives A, V, ». Parentheses"" ""usual connectives V, A, —, «"" ""then : max [P (E), p(F""","""Welt (VE, P.) that her ancestors"" ""of World War II, her choice of"" ""f] iction I little care for"" ""copied by art (FIG"" ""and Taney   (QTD""",deprel,dep
deprel_root,0.0014861115440556857,Root,Roots are 1.1x more common in Philosophy than Literature.,38.5,34.8,1.1,96626.0,27991.0,***,have is seems are let has consider think suppose argue say take seem need see what true make note show be makes means assume clear,see is have seems has what had makes suggests becomes made appears one seem become are make say seen come let take print takes argues,"""the board would HAVE to say something"" ""then there IS no reason to think"" ""Marthas anger SEEMS fitting"" ""way, there ARE many other emotional"" ""Furthermore, LET us denote by c""","""SEE also Sursum Coda"" ""that case there IS, simply, no reconciliation"" ""mechanical, does not HAVE its ultimate source"" ""of complicity SEEMS to be based on"" ""criticisms, HAS an at least tentative""",deprel,root
deprel_cc:preconj,-0.0030437365683720114,Preconjunct,Preconjuncts are 1.0x more common in Philosophy than Literature.,1.1,1.1,1.0,2764.0,877.0,,both either neither what,both either neither that each,"""sentence has BOTH a truth value and"" ""evolutionary forces have EITHER pushed our angry"" ""other item, NEITHER to our past experiences"" ""flourishing no matter WHAT her particular""","""suggested by BOTH poem and novel"" ""without negating EITHER their historicity"" ""NEITHER happens, a nonevent"" ""display, not THAT of grantsmanship"" ""of groupings, EACH with its institutional""",deprel,cc:preconj
deprel_csubj:outer,-0.005571528917826788,Outer clause clausal subject,Outer clause clausal subjects are 1.2x more common in Philosophy than Literature.,0.0,0.0,1.2,107.0,29.0,,matters do take describe seems have seeing happens fail act require enjoy desire value thinking argue love instantiate know manifest speak goes care hold choose,make take speak seek troubles modernize conquer matters inhabit making mediator talk return interests globalize write treat embracing see reading confront avenge fail doing set,"""What MATTERS is whether the"" ""What stereotypes DO is bias us towards"" ""The mis TAKE that the critic"" ""To DESCRIBE something as intrinsically"" ""What SEEMS unhelpful about""","""make art and to MAKE art is to take"" ""To TAKE the Mediterranean"" ""To SPEAK with Dante of co-immanence"" ""Jameson, to SEEK the ultimate message"" ""What TROUBLES Kevin is not only""",deprel,csubj:outer
deprel_reparandum,-0.007413981104049444,Overridden disfluency,Overridden disfluencys are 1.3x more common in Philosophy than Literature.,0.4,0.3,1.3,1028.0,256.0,***,is a i can w- are r to that be f- the what any of does w h p- m- should for or do and,is was be with and the this i were have a we all on in of na are believe attempting another dis his that does,"""That IS, an unratifiable"" ""for any ordinal A < K there will"" ""a, for each I e I with   i I"" ""not that we CAN, or should, disregard"" ""the range of W- questions they""","""of al - Tiba IS — and is not —"" ""was right, WAS n t I, to urge"" ""to, or could BE, is perhaps what"" ""become concerned WITH, for example"" ""identification AND — in filling in""",deprel,reparandum
deprel_orphan,-0.013918865241235647,Orphan,Orphans are 2.0x more common in Literature than Philosophy.,0.0,0.0,0.5,62.0,39.0,**,comments particular way not contexts time itself p minute proofs century case book encyclopaedia now agent level second times others part especially group might help,all particular england generations siren institution universal modernist feedback fiat doing other objects times itself ad comments engagements oxford capital accurately abstract hand opportunity fact,"""Steve Yablo for COMMENTS on earlier drafts"" ""rather than DS in PARTICULAR"" ""present in such a WAY that he can do"" ""properties, others NOT"" ""in different CONTEXTS""","""and above ALL out of reach of"" ""things, and in PARTICULAR to the way in which"" ""ed. Unlike ENGLAND at this period"" ""time and over GENERATIONS the process that"" ""quill pen to SIREN""",deprel,orphan
pos_AFX,-0.020519294512268797,Detached prefix or suffix,Detached prefix or suffixs are 2.1x more common in Literature than Philosophy.,0.0,0.0,0.5,19.0,13.0,*,non pre ap mid,mid non reli,"""in them this NON conceptual self"" ""impossible, to PRE vent leakage to"" ""must somehow AP pear as something"" ""thought; as a MID -wife he helps""","""promulgated in the MID -fifteenth century"" ""to deny it - NON - human beings"" ""nor age nor RELI gion mattered when""",pos,AFX
pos_RBR,-0.02921290859729038,"Adverb, comparative","Adverb, comparatives are 1.2x more common in Literature than Philosophy.",2.0,2.4,0.8,5097.0,1953.0,***,more less later further longer earlier better sooner deeper farther closer nearer easier,more less later longer earlier further better sooner nearer farther deeper closer,"""MORE specifically"" ""some more or LESS restricted range"" ""assumption, I will LATER suggest, is already"" ""goes a step FURTHER here : he claims"" ""it is no LONGER true that any life""","""also reveals far MORE explicitly than"" ""notes, was LESS mired in curricular"" ""literature until much LATER"" ""Holyoke took LONGER to convert entirely"" ""experienced much EARLIER, in industrial""",pos,RBR
pos_JJS,-0.031126874610518787,"Adjective, superlative","Adjective, superlatives are 1.2x more common in Philosophy than Literature.",1.5,1.3,1.2,3749.0,1020.0,***,least best most closest worst simplest highest greatest strongest smallest weakest lowest nearest largest foremost shortest latest tallest deepest biggest earliest easiest clearest slightest finest,least most best greatest highest worst earliest closest latest foremost largest clearest finest deepest fullest oldest lowest nearest slightest strongest smallest broadest simplest biggest purest,"""surprise me in the LEAST"" ""probably the BEST gloss on what anger"" ""But that is at MOST a fact about our"" ""world that is CLOSEST to u"" ""that maximises WORST - case expected""","""understand at LEAST in part why the"" ""with that of MOST visitors : Die"" ""it has at BEST an instrumental"" ""of France  s GREATEST tragic dramatist"" ""According to the HIGHEST Sphere : When Divine""",pos,JJS
deprel_obl:unmarked,-0.032239862873965026,Unmarked Oblique Nominal,Unmarked Oblique Nominals are 1.3x more common in Literature than Philosophy.,0.9,1.2,0.8,2306.0,969.0,***,itself way time p today themselves bit matter little times years day tomorrow thanks truth con that year lot week morning doubt c myself context,itself today years way time day times little year pp. bit themselves self matter night himself doubt decade morning days moment century thanks week months,"""recognize faces) is ITSELF fundamentally a"" ""words,   this WAY out in dia lectic"" ""This TIME around, one might"" ""consequence step P [= (qDr) T"" ""laborious for us TODAY that might well""","""less the drought ITSELF than virtually"" ""literary so suspect TODAY"" ""words, written YEARS before his actual"" ""put it this WAY"" ""again - this TIME definitively""",deprel,obl:unmarked
deprel_xcomp,-0.04405654817711385,Open clausal complement,Open clausal complements are 1.1x more common in Philosophy than Literature.,11.7,11.0,1.1,29476.0,8832.0,***,do have make true say be explain know believe show clear take think consider see possible give open understand provide plausible better go use accept,do make see clear take have think say understand know possible read speak write look find give be suggest use open go imagine better get,"""not decide to DO the preferred act"" ""allowing yourself to HAVE that emotion"" ""future self to MAKE rational decisions"" ""to be the   TRUE"" ""would have to SAY something about""","""she likes to DO"" ""can begin to MAKE sense of the interaction"" ""I hope to SEE a proliferation"" ""makes perfectly CLEAR what such an interconnection"" ""faculty member to TAKE over English literature""",deprel,xcomp
deprel_conj,-0.04530427826098235,Conjunct,Conjuncts are 1.5x more common in Literature than Philosophy.,26.7,40.0,0.7,67200.0,32215.0,***,have not b al etc is one has on what false properties knowledge true theory others other more relations less way belief beliefs are seems,one political what history cultural have culture others language form power politics made women social world work has those on place more life make less,"""equal, but we HAVE an overriding interest"" ""Whether or NOT such a reduction"" ""or just before B) all take the"" ""Schervish et AL"" ""phenomenon and data, ETC""","""Tennyson, and ONE on American poets"" ""economic and POLITICAL struggle became"" ""America, or WHAT he usefully calls"" ""Literature and HISTORY,   wrote of studies"" ""of racial, CULTURAL or gender difference""",deprel,conj
deprel_iobj,-0.04781926608062168,Indirect object,Indirect objects are 1.4x more common in Literature than Philosophy.,0.8,1.1,0.7,1918.0,853.0,***,us you him them me her one it ourselves others people children myself himself someone reader scientists itself themselves oneself friend a agent yourself participants,us him me them her you it readers reader himself themselves students myself ourselves people herself father audience writers king citizens behn friend bishop tancred,"""philosophy has taught US anything, it is"" ""to not tell YOU"" ""she cant tell HIM that, as then"" ""computers and asked THEM to design an arrowhead"" ""serve to assure ME that the Earth""","""which asks US to position ourselves"" ""because it reminds HIM of his own dead"" ""recognizes (Bring ME some physic"" ""which he tells THEM"" ""her, telling HER that he is also""",deprel,iobj
deprel_parataxis,-0.04792761067280725,Parataxis,Parataxiss are 1.1x more common in Literature than Philosophy.,5.7,6.2,0.9,14272.0,4970.0,***,= is see have say think has true seems are know let believe need argue what take make one says be do call suppose seem,see is say have think know seems said one has had argues come what let says become made mean thought make here suggests believe do,"""of states Pol = {s G Sf I ext"" ""intervention; that IS, one might not"" ""one might not SEE how we could have"" ""situated, we would HAVE evidence in favor"" ""dashing of hopes, SAY — but where does""","""colonialism : SEE Palimpsestic Memory"" ""phrases, that IS, lies not just"" ""the vulgar SAY the child is spoiled"" ""grave, There HAVE My Cave"" ""Did you ever THINK of one thing""",deprel,parataxis
deprel_dislocated,-0.0498613980087633,Dislocated elements,Dislocated elementss are 2.1x more common in Literature than Philosophy.,0.0,0.1,0.5,82.0,55.0,***,a whatever something what x theory i conditions none paribus b comparison q ones reasons fortiori inference response all set nature principles those child facie,i what power issue loss word fin tertour everything refugees homer octavos sentence substitution t coheres presage gods dayaks observation bounds thou that none parts,"""of the sets A and B. However"" ""According to that, WHATEVER else Savage  s"" ""for me,   or SOMETHING to that effect"" ""performance, WHAT, precisely, those"" ""a proof, P(X) will be a non-empty""","""greedy souls... I... I Will riches"" ""I take in, WHAT I dismiss, what"" ""the Spirituall POWER, moveth the Members"" ""a further ISSUE, we will see"" ""What LOSS, what crosses""",deprel,dislocated
pos_WRB,-0.05450240140020693,Wh-adverb,Wh-adverbs are 1.3x more common in Philosophy than Literature.,4.5,3.6,1.3,11397.0,2865.0,***,how when why where whenever wherever however whereby wherein whence whereupon wherefore,when how where why whenever wherever however whereby whereupon wherefore whither ahhow whomever whos wheree lest whence,"""And HOW do we determine"" ""word   pure   WHEN referring to states"" ""WHY not say, as both"" ""say — but WHERE does it end"" ""Thus WHENEVER a putative selfless""","""different problem WHEN she travels to"" ""will discuss HOW the concept of"" ""to the place WHERE his stories unfold"" ""least in part WHY the subject had"" ""WHENEVER the narrator enters""",pos,WRB
pos_RBS,-0.06028319350239585,"Adverb, superlative","Adverb, superlatives are 1.7x more common in Literature than Philosophy.",0.5,0.9,0.6,1330.0,712.0,***,most best least foremost darkest highest,most best least earliest,"""this is the MOST plausible way of"" ""Craig is BEST read as insisting"" ""that it is at LEAST conceivable for"" ""First and FOREMOST, I need to clarify"" ""were among the DARKEST known stellar systems""","""among its own MOST favored graduates"" ""provides one of the BEST known examples"" ""but is at LEAST oriented toward"" ""of one of the EARLIEST published volumes""",pos,RBS
pos_PRP,-0.06519107367451447,Personal pronoun,Personal pronouns are 1.2x more common in Philosophy than Literature.,33.4,28.6,1.2,83859.0,23021.0,***,it we i they he one us them you she itself me him themselves her himself ourselves herself myself 's oneself mine yourself ours a,it he i we they she them him us you itself one me himself her themselves herself myself ourselves thou oneself ye mine his ours,"""formal way, but IT can be provided"" ""this procedure WE recover a classical"" ""i¡ / (x) I G { T, F) such"" ""pluralism) because THEY formalize metalinguistic"" ""specifically, HE would observe that""","""they expunged IT from the curriculum"" ""America, or what HE usefully calls"" ""permanent, by which I mean that after"" ""overcome them (for WE tend to identify"" ""part because THEY were permanent""",pos,PRP
pos_WP$,-0.0737693127296325,Possessive wh-pronoun,Possessive wh-pronouns are 2.1x more common in Literature than Philosophy.,0.2,0.5,0.5,596.0,400.0,***,whose,whose whos,"""the property) WHOSE elements are interpreted""","""any language, WHOSE life experience"" ""that a boyfriend WHOS disposed to have""",pos,WP$
pos_VBZ,-0.08224043441203525,"Verb, 3rd person singular present","Verb, 3rd person singular presents are 1.2x more common in Philosophy than Literature.",43.2,34.9,1.2,108628.0,28129.0,***,is does has seems makes follows 's means requires says takes depends comes knows holds involves suggests believes fails provides gives allows appears exists goes,is has does seems makes becomes suggests appears takes 's comes remains argues means says offers provides gives calls describes shows allows goes begins writes,"""complementation ± IS induced by T"" ""formula like this DOES not at all mean"" ""every sentence HAS both a truth value"" ""popular because it SEEMS to spring out directly"" ""believe that what MAKES something count""","""particular institutions IS immaterial since"" ""literary enterprise HAS the same kind of"" ""the village, DOES the narration finally"" ""suggest, what SEEMS to be its   discontinuity"" ""Political Economy MAKES perfectly clear""",pos,VBZ
deprel_expl,-0.08881928047427268,Expletive,Expletives are 2.5x more common in Philosophy than Literature.,5.9,2.4,2.5,14873.0,1930.0,***,there it neither this that its here which i]t theres щ things,it there neither se,"""do not think THERE is anything simple"" ""IT has been shown"" ""But NEITHER vindicates realism"" ""THIS is because it is"" ""better one, then THAT would be reason""","""IT had long been the"" ""departments, now THERE were twenty, one"" ""narrative, but NEITHER is it true that"" ""SE is possible to""",deprel,expl
deprel_cc,-0.09187431356033553,Coordinating conjunction,Coordinating conjunctions are 1.3x more common in Literature than Philosophy.,26.3,35.1,0.7,65978.0,28229.0,***,and or but / rather nor yet as & + plus n minus let ¬ // not t/ ατα ór -> -+ }. a \/,and or but yet rather as / nor & + plus n let minus for not neither ed. pp. dis re either vol. add. .eir,"""x)) } AND denote by V the"" ""Physical object, OR individual example"" ""BUT it also supports"" ""some future time /, all psychopaths"" ""on detection RATHER than absolute""","""the nineties, AND like her peers"" ""redefine themselves OR be eliminated"" ""by men, some BUT not all of whom"" ""YET the comparative"" ""the aggregate RATHER than as distinct""",deprel,cc
pos_WP,-0.0939106727942413,Wh-pronoun,Wh-pronouns are 1.1x more common in Literature than Philosophy.,3.8,4.1,0.9,9509.0,3288.0,***,what who whatever whom whats whoever whichever whomever withwhat whos whywe whosoever wherer,what who whom whatever whoever whats whomever whiche wha whomsoever,"""But WHAT could the relevant"" ""rubric of agents WHO violate our demands"" ""insist that, WHATEVER he said, it was"" ""Schofield upon WHOM to rely"" ""resentment, asking WHATS so special about""","""America, or WHAT he usefully calls"" ""and the women WHO taught at both"" ""but not all of WHOM had advanced degrees"" ""the basis of WHATEVER it is that the"" ""According to Sprat, WHOEVER first asserted""",pos,WP
pos_VBG,-0.09502320603460317,"Verb, gerund or present participle","Verb, gerund or present participles are 1.1x more common in Philosophy than Literature.",15.6,14.1,1.1,39101.0,11387.0,***,being according having following using making doing thinking believing concerning taking regarding going including saying knowing corresponding involving speaking considering assuming explaining giving determining understanding,being having making according following including doing reading writing thinking taking using looking speaking going seeing coming becoming working giving saying trying moving showing describing,"""not in fact BEING violated"" ""or testable) ACCORDING to T, on which"" ""a drug (or HAVING such an emotion"" ""introduced in the FOLLOWING sections"" ""By USING the notion of physical""","""of freedom as BEING consciousness of"" ""contradictory position of HAVING a precise location"" ""Later, MAKING amends to Sir James"" ""ACCORDING to Robert H. Wiebe"" ""In the FOLLOWING pages I will present""",pos,VBG
pos_POS,-0.12284619551309504,Possessive ending,Possessive endings are 2.1x more common in Literature than Philosophy.,3.5,7.5,0.5,8873.0,6013.0,***,'s ' s ťs ́s αs *s ws ys ble,'s ' s -s mir ofthe ťs ous,"""instance, Paul  S belief that he"" ""Although Quine   s talk of ontology"" ""information about th S face to an inferential"" ""captured by Wimsat ŤS notion of successional"" ""of the Humean ́S fundamental facts""","""American literature  S intricate early"" ""the villagers   understanding of"" ""verse, Blanchot S conviction that"" ""destroy Sutter -S land; records"" ""Znamia and Novyi MIR only aer Tvardovskiis""",pos,POS
deprel_acl:relcl,-0.1263881263099188,Relative clause modifier,Relative clause modifiers are 1.0x more common in Philosophy than Literature.,14.0,13.6,1.0,35238.0,10937.0,**,have has is makes make do take call are takes said means think true used need know say made says want does believe ought follows,have made had has makes call do calls make called means know is takes seems take appears say seen used become see read come seem,"""anger that we HAVE in response to"" ""expert presumably HAS is a capacity for"" ""determining what there IS from that of merely"" ""that the critic MAKES is to assume that"" ""emotions) that MAKE your belief forming""","""line we do n t HAVE to go beyond"" ""achievement that MADE their realistic"" ""Language,   which HAD once again - this"" ""urban center that HAS for genera tions"" ""influence she MAKES manifest : she""",deprel,acl:relcl
pos_IN,-0.15318293721798926,Preposition or subordinating conjunction,Preposition or subordinating conjunctions are 1.0x more common in Literature than Philosophy.,136.3,136.5,1.0,342458.0,109912.0,,of in that to for as on by with if from at about between than because whether since like into without while over under against,of in to as for that with by on from at between than into about if like through because while within after without against over,"""sublanguage L OF $ £ with a notion"" ""procedure consists IN choosing, for"" ""general idea THAT some nonclassical"" ""testable) according TO T, on which a"" ""in choosing, FOR a given theory""","""experience decades OF growth, especially"" ""were crucial IN part because they"" ""According TO Robert H. Wiebe"" ""especially AS a result of the"" ""in Rhetoric, FOR example, increasingly""",pos,IN
pos_RP,-0.17107800152384706,Particle,Particles are 1.1x more common in Literature than Philosophy.,1.9,2.1,0.9,4816.0,1690.0,**,out up on off down in over aside away about like through together forward back forth apart n moot behind,out up on down off in over away aside together about through like back forth ing anew awaie forward bare,"""seems to spring OUT directly from the"" ""that make it UP we need at least"" ""phenomena by drawing ON methodological"" ""will be worse OFF than the first"" ""principle be narrowed DOWN, even to a single""","""prevalent through OUT last word poetry"" ""literature showed UP in such curricula"" ""keeping them ON to teach multiple"" ""until I sit DOWN at the computer"" ""one, killing OFF the dead all over""",pos,RP
pos_VBN,-0.17653904415996094,"Verb, past participle","Verb, past participles are 1.1x more common in Literature than Philosophy.",21.2,23.2,0.9,53338.0,18675.0,***,given been based used made taken justified understood seen said required called known defined considered associated described explained expected determined involved thought done supposed expressed,been given made seen written taken known called used found based said defined understood associated lost done read described become published produced considered established represented,"""choosing, for a GIVEN theory T and classical"" ""It has BEEN shown that the"" ""analyticity is BASED on the idea that"" ""test that is USED"" ""I have MADE the case for fitting""","""It had long BEEN the Seminary  s"" ""if they were GIVEN, not pro jected"" ""station she is MADE to think of the"" ""however, it was SEEN that this strategic"" ""last words, WRITTEN years before his""",pos,VBN
pos_NNPS,-0.20170770350950618,"Proper noun, plural","Proper noun, plurals are 4.7x more common in Literature than Philosophy.",0.5,2.5,0.2,1352.0,2043.0,***,states humeans principles netherlands greeks essays reasons stoics sciences fregeans canberrans kantians americans thaïes lectures priors dogmas studies blacks foundations publishers gibsons bayesians bones earthlings,states americans jews studies ages indians works palestinians letters notes poems years scots children germans men europeans greeks nazis tales humanities nations women africans lives,"""STATES are defined as"" ""is one that HUMEANS in particular should"" ""Harm and Offense PRINCIPLES (suitably supplemented"" ""Printed in the NETHERLANDS"" ""those of the GREEKS""","""the United STATES of the latter nineteenth"" ""citizenship to black AMERICANS in the United States"" ""possibilities that the JEWS and their conceptually"" ""Figurai Realism : STUDIES in the Mimesis"" ""of the Middle AGES) and transforms""",pos,NNPS
pos_PRP$,-0.25975858958190484,Possessive pronoun,Possessive pronouns are 1.6x more common in Literature than Philosophy.,9.4,14.7,0.6,23614.0,11797.0,***,our their its his my her your someones there he thou ther you ist ur hy anyones thy φ o tu wis ys u qua,his its their her our my your thy ye thou oure you he ur thei ther thine yout someones yr ihis shis thi thair lhe,"""We illustrate OUR procedure in Sects"" ""she hates for THEIR anniversary"" ""changing some of ITS three basic elements"" ""year George buys HIS wife Martha the"" ""of them, but MY hunch is that when""","""of sorts to HIS great Cities of"" ""rapidly crumbled in ITS aftermath"" ""universities with THEIR secular research"" ""to focus on HER career as a writer"" ""Topographies — and OUR relation to the""",pos,PRP$
pos_TO,-0.3036793094320948,to,tos are 1.2x more common in Philosophy than Literature.,15.6,12.7,1.2,39215.0,10241.0,***,to na t per for as v ja cant by d jus ta es af ex tò into in m itd dis a ra des,to na re by shd y for es aban mo,"""because it seems TO spring out directly"" ""goodness and NA ture"" ""proponent to defend T necessarily increase"" ""She must PER form an inference"" ""are sufficient FOR refer ence to a""","""women then had TO redefine themselves"" ""literary are NA be come evident"" ""an effort to RE shape the religion"" ""on) should BY now be self‐evident"" ""least ye hand SHD betray it""",pos,TO
deprel_det,-0.32857948512163804,Determiner,Determiners are 1.0x more common in Literature than Philosophy.,93.8,97.0,1.0,235682.0,78072.0,***,the a this an these some no any that all those each every another what which both whatever neither either whichever anothers n least it,the a this an these no that all any some those another every what each both which whatever neither either thee whichever it e th,"""of states in THE physical proposition"" ""for every A (jc) G < /"" ""definition generalizes THIS idea"" ""implicitly introduce AN epistemological"" ""the proofs of THESE theorems implicitly""","""education in THE nineties, and"" ""the subject had A reputation as elementary"" ""once again - THIS time definitively"" ""Chamberlin received AN M.A"" ""THESE women then had""",deprel,det
pos_PDT,-0.3380145148860287,Predeterminer,Predeterminers are 1.2x more common in Philosophy than Literature.,1.2,1.0,1.2,2925.0,797.0,***,such all quite half each both next nary,all such quite half each many both nary,"""property, while SUCH a set can not be"" ""responsible for ALL the data that instantiate"" ""interesting facts QUITE another, and the"" ""We tell only HALF the story when"" ""Alicedown as EACH a distinct subject""","""soft landing ALL the same, as the"" ""perfectly clear what SUCH an interconnection"" ""fact, he makes QUITE the opposite claim"" ""And perhaps HALF a dozen years before"" ""mountains are EACH a recognizable""",pos,PDT
pos_NNP,-0.40842421476234286,"Proper noun, singular","Proper noun, singulars are 2.1x more common in Literature than Philosophy.",20.3,43.0,0.5,50987.0,34612.0,***,s a c sect t god f university kant aristotle al q e oxford l lewis b d cambridge john r fig g socrates press,god english new john england la derrida united milton shakespeare james europe london university king world henry e christ war de william america ed. eliot,"""Axiom P { ext (S)   S G is a partition"" ""Sf I > ext (A) G ¿"" ""dependent notion of C - truth { true"" ""We obtain in SECT"" ""given theory T and classical language""","""their duty to GOD, to their mother"" ""called   Spoken ENGLISH  ), Drama, and"" ""Fiction and Film (NEW York and Oxford"" ""the example of JOHN Bunyan, author"" ""most others in ENGLAND during this period""",pos,NNP
pos_VBD,-0.5124966121690383,"Verb, past tense","Verb, past tenses are 3.2x more common in Literature than Philosophy.",4.6,14.8,0.3,11664.0,11895.0,***,was were had did said saw thought made took came argued used put knew believed noted found meant became led failed caused gave showed mentioned,was were had did made became wrote came took said saw began thought went felt found knew seemed called used wanted read sought gave appeared,"""huge literature WAS produced on this"" ""judgments about cases WERE supposed to anchor"" ""worse, then we HAD better have a good"" ""Maclntyre simply DID not recognize these"" ""As I SAID, I do not think""","""nineteenth century WAS a society engaged"" ""These gains WERE crucial in part"" ""These women then HAD to redefine themselves"" ""curricular debut but DID not survive"" ""American literature MADE a curricular debut""",pos,VBD
deprel_punct,-0.6998448965620134,Punctuation,Punctuations are 1.1x more common in Literature than Philosophy.,116.8,127.9,0.9,293546.0,102990.0,***,", . - ( ) "" ' : ? ; — [ ] < ... * > ! / – { | ~ · ^",", . "" - : ( ' ) — ; ? [ ] ! ... [. – / .... * | « .. -- >","""/ >(*), the set of states"" ""depends on T"" ""notion of C - truth on < /"" ""for every a (jc) G < /"" ""depends on T""","""Mount Holyoke, Chamberlin received"" ""received an M.A"" ""as the   head   of English literature"" ""time definitively - been separated"" ""of the period : divided between""",deprel,punct
